0,1
524,ashover12.mid
512,ashover13.mid
288,ashover14.mid
900,ashover15.mid
734,ashover17.mid
480,ashover18.mid
816,ashover19.mid
514,ashover2.mid
650,ashover20.mid
576,ashover21.mid
198,ashover22.mid
512,ashover23.mid
288,ashover25.mid
300,ashover26.mid
394,ashover27.mid
262,ashover28.mid
396,ashover29.mid
640,ashover3.mid
256,ashover32.mid
288,ashover34.mid
384,ashover35.mid
960,ashover37.mid
704,ashover38.mid
768,ashover39.mid
784,ashover4.mid
528,ashover40.mid
512,ashover41.mid
1028,ashover42.mid
492,ashover44.mid
780,ashover46.mid
784,ashover5.mid
784,ashover6.mid
576,ashover7.mid
1536,ashover9.mid
780,hpps1.mid
124,hpps11.mid
250,hpps12.mid
264,hpps13.mid
260,hpps14.mid
266,hpps15.mid
262,hpps16.mid
144,hpps17.mid
752,hpps19.mid
512,hpps2.mid
268,hpps21.mid
268,hpps22.mid
138,hpps23.mid
268,hpps24.mid
140,hpps26.mid
268,hpps28.mid
266,hpps29.mid
887,hpps3.mid
518,hpps30.mid
140,hpps32.mid
268,hpps33.mid
266,hpps34.mid
136,hpps35.mid
265,hpps37.mid
224,hpps39.mid
265,hpps4.mid
142,hpps40.mid
266,hpps41.mid
266,hpps42.mid
256,hpps43.mid
268,hpps44.mid
750,hpps45.mid
258,hpps46.mid
264,hpps48.mid
264,hpps49.mid
268,hpps5.mid
204,hpps50.mid
206,hpps52.mid
266,hpps54.mid
260,hpps55.mid
268,hpps56.mid
264,hpps57.mid
268,hpps58.mid
139,hpps59.mid
268,hpps61.mid
268,hpps62.mid
266,hpps63.mid
255,hpps64.mid
512,hpps65.mid
528,hpps7.mid
260,hpps8.mid
268,hpps9.mid
394,jigs1.mid
394,jigs10.mid
416,jigs100.mid
586,jigs101.mid
394,jigs102.mid
586,jigs103.mid
394,jigs104.mid
394,jigs105.mid
586,jigs106.mid
390,jigs108.mid
1162,jigs109.mid
394,jigs11.mid
6154,jigs110.mid
1162,jigs111.mid
394,jigs112.mid
394,jigs113.mid
394,jigs114.mid
394,jigs116.mid
588,jigs117.mid
394,jigs118.mid
390,jigs12.mid
396,jigs120.mid
586,jigs121.mid
394,jigs122.mid
396,jigs123.mid
394,jigs124.mid
394,jigs126.mid
396,jigs127.mid
394,jigs128.mid
768,jigs129.mid
394,jigs13.mid
1152,jigs130.mid
394,jigs131.mid
394,jigs132.mid
396,jigs133.mid
394,jigs134.mid
394,jigs135.mid
394,jigs136.mid
396,jigs137.mid
384,jigs139.mid
584,jigs140.mid
394,jigs141.mid
394,jigs142.mid
394,jigs143.mid
378,jigs144.mid
396,jigs145.mid
396,jigs147.mid
396,jigs149.mid
384,jigs15.mid
392,jigs150.mid
394,jigs152.mid
382,jigs154.mid
390,jigs155.mid
396,jigs157.mid
394,jigs158.mid
384,jigs159.mid
586,jigs160.mid
586,jigs162.mid
394,jigs163.mid
394,jigs164.mid
394,jigs166.mid
394,jigs171.mid
394,jigs173.mid
392,jigs174.mid
394,jigs175.mid
1160,jigs176.mid
394,jigs177.mid
394,jigs178.mid
384,jigs179.mid
394,jigs18.mid
394,jigs180.mid
394,jigs181.mid
382,jigs183.mid
394,jigs184.mid
394,jigs185.mid
394,jigs186.mid
394,jigs188.mid
1162,jigs189.mid
396,jigs19.mid
394,jigs190.mid
586,jigs191.mid
384,jigs192.mid
394,jigs193.mid
384,jigs194.mid
396,jigs195.mid
394,jigs196.mid
400,jigs198.mid
684,jigs199.mid
1152,jigs2.mid
394,jigs20.mid
390,jigs200.mid
582,jigs201.mid
394,jigs202.mid
588,jigs203.mid
586,jigs204.mid
394,jigs205.mid
490,jigs206.mid
394,jigs207.mid
1162,jigs209.mid
394,jigs21.mid
202,jigs210.mid
394,jigs211.mid
394,jigs212.mid
778,jigs213.mid
396,jigs214.mid
192,jigs216.mid
192,jigs217.mid
192,jigs218.mid
192,jigs219.mid
392,jigs220.mid
778,jigs221.mid
394,jigs222.mid
384,jigs224.mid
682,jigs225.mid
394,jigs226.mid
394,jigs228.mid
394,jigs229.mid
394,jigs230.mid
394,jigs231.mid
778,jigs235.mid
586,jigs236.mid
202,jigs237.mid
390,jigs238.mid
394,jigs24.mid
390,jigs240.mid
394,jigs241.mid
394,jigs243.mid
394,jigs245.mid
394,jigs246.mid
384,jigs247.mid
394,jigs248.mid
392,jigs249.mid
1162,jigs25.mid
384,jigs250.mid
1162,jigs251.mid
394,jigs253.mid
390,jigs254.mid
394,jigs257.mid
396,jigs258.mid
390,jigs259.mid
394,jigs26.mid
394,jigs260.mid
384,jigs261.mid
394,jigs262.mid
384,jigs264.mid
394,jigs265.mid
384,jigs267.mid
394,jigs269.mid
778,jigs27.mid
394,jigs270.mid
394,jigs271.mid
384,jigs272.mid
394,jigs273.mid
390,jigs274.mid
586,jigs275.mid
384,jigs276.mid
390,jigs278.mid
778,jigs279.mid
382,jigs280.mid
586,jigs281.mid
394,jigs283.mid
394,jigs284.mid
394,jigs288.mid
394,jigs289.mid
394,jigs29.mid
390,jigs290.mid
442,jigs291.mid
586,jigs293.mid
394,jigs294.mid
778,jigs298.mid
394,jigs299.mid
586,jigs3.mid
396,jigs30.mid
394,jigs300.mid
682,jigs301.mid
394,jigs303.mid
384,jigs304.mid
384,jigs305.mid
394,jigs306.mid
392,jigs309.mid
586,jigs310.mid
394,jigs312.mid
384,jigs313.mid
394,jigs314.mid
384,jigs315.mid
586,jigs316.mid
394,jigs317.mid
392,jigs319.mid
394,jigs32.mid
588,jigs322.mid
384,jigs323.mid
394,jigs326.mid
1162,jigs329.mid
432,jigs33.mid
394,jigs330.mid
384,jigs331.mid
394,jigs333.mid
394,jigs334.mid
586,jigs335.mid
380,jigs336.mid
576,jigs337.mid
1150,jigs338.mid
396,jigs339.mid
394,jigs34.mid
394,jigs35.mid
392,jigs36.mid
394,jigs37.mid
588,jigs4.mid
394,jigs40.mid
384,jigs42.mid
396,jigs43.mid
394,jigs45.mid
576,jigs46.mid
394,jigs47.mid
394,jigs48.mid
394,jigs49.mid
394,jigs5.mid
394,jigs53.mid
394,jigs54.mid
332,jigs55.mid
394,jigs56.mid
394,jigs57.mid
390,jigs58.mid
1026,jigs6.mid
202,jigs60.mid
390,jigs61.mid
394,jigs62.mid
584,jigs63.mid
768,jigs65.mid
384,jigs67.mid
394,jigs68.mid
394,jigs69.mid
394,jigs70.mid
394,jigs72.mid
394,jigs73.mid
584,jigs74.mid
1162,jigs75.mid
774,jigs77.mid
394,jigs79.mid
1546,jigs8.mid
396,jigs80.mid
2112,jigs81.mid
394,jigs82.mid
396,jigs85.mid
390,jigs86.mid
586,jigs87.mid
394,jigs88.mid
586,jigs9.mid
394,jigs90.mid
202,jigs91.mid
396,jigs92.mid
390,jigs94.mid
586,jigs97.mid
392,jigs98.mid
394,jigs99.mid
1868,morris11.mid
140,morris12.mid
396,morris13.mid
2956,morris16.mid
396,morris17.mid
140,morris19.mid
1020,morris2.mid
1504,morris20.mid
2448,morris21.mid
716,morris22.mid
652,morris23.mid
968,morris24.mid
137,morris25.mid
528,morris26.mid
272,morris27.mid
488,morris28.mid
284,morris29.mid
1746,morris3.mid
1090,morris30.mid
3610,morris31.mid
400,morris6.mid
1164,morris7.mid
1632,morris8.mid
1944,morris9.mid
524,playford1.mid
268,playford10.mid
394,playford11.mid
464,playford12.mid
788,playford13.mid
252,playford14.mid
768,playford15.mid
1452,playford2.mid
1164,playford3.mid
768,playford4.mid
792,playford5.mid
524,playford6.mid
1036,playford8.mid
190,playford9.mid
524,reelsa-c10.mid
524,reelsa-c12.mid
652,reelsa-c13.mid
512,reelsa-c14.mid
780,reelsa-c15.mid
256,reelsa-c17.mid
256,reelsa-c18.mid
256,reelsa-c19.mid
784,reelsa-c21.mid
777,reelsa-c22.mid
524,reelsa-c23.mid
512,reelsa-c24.mid
524,reelsa-c26.mid
524,reelsa-c27.mid
506,reelsa-c28.mid
524,reelsa-c3.mid
800,reelsa-c30.mid
144,reelsa-c31.mid
144,reelsa-c32.mid
262,reelsa-c33.mid
522,reelsa-c34.mid
512,reelsa-c35.mid
254,reelsa-c36.mid
524,reelsa-c38.mid
524,reelsa-c39.mid
780,reelsa-c4.mid
516,reelsa-c41.mid
262,reelsa-c42.mid
262,reelsa-c43.mid
522,reelsa-c45.mid
1036,reelsa-c47.mid
524,reelsa-c48.mid
272,reelsa-c49.mid
524,reelsa-c5.mid
524,reelsa-c50.mid
524,reelsa-c51.mid
512,reelsa-c54.mid
512,reelsa-c55.mid
588,reelsa-c56.mid
524,reelsa-c57.mid
510,reelsa-c58.mid
524,reelsa-c59.mid
516,reelsa-c6.mid
256,reelsa-c60.mid
524,reelsa-c61.mid
523,reelsa-c62.mid
1036,reelsa-c63.mid
524,reelsa-c64.mid
776,reelsa-c65.mid
708,reelsa-c66.mid
524,reelsa-c67.mid
512,reelsa-c68.mid
1030,reelsa-c69.mid
264,reelsa-c70.mid
1542,reelsa-c71.mid
780,reelsa-c72.mid
780,reelsa-c73.mid
524,reelsa-c74.mid
384,reelsa-c76.mid
780,reelsa-c77.mid
262,reelsa-c78.mid
524,reelsa-c8.mid
528,reelsa-c81.mid
524,reelsa-c9.mid
1276,reelsd-g1.mid
252,reelsd-g10.mid
640,reelsd-g11.mid
524,reelsd-g13.mid
524,reelsd-g14.mid
1036,reelsd-g15.mid
528,reelsd-g17.mid
524,reelsd-g19.mid
524,reelsd-g2.mid
524,reelsd-g20.mid
524,reelsd-g21.mid
512,reelsd-g22.mid
524,reelsd-g23.mid
524,reelsd-g24.mid
560,reelsd-g25.mid
508,reelsd-g26.mid
524,reelsd-g27.mid
616,reelsd-g28.mid
256,reelsd-g29.mid
528,reelsd-g3.mid
528,reelsd-g30.mid
528,reelsd-g32.mid
524,reelsd-g33.mid
516,reelsd-g34.mid
400,reelsd-g38.mid
526,reelsd-g39.mid
524,reelsd-g4.mid
508,reelsd-g40.mid
652,reelsd-g41.mid
524,reelsd-g42.mid
512,reelsd-g43.mid
512,reelsd-g44.mid
524,reelsd-g45.mid
524,reelsd-g46.mid
524,reelsd-g47.mid
512,reelsd-g48.mid
524,reelsd-g49.mid
1036,reelsd-g5.mid
524,reelsd-g50.mid
524,reelsd-g51.mid
512,reelsd-g52.mid
524,reelsd-g53.mid
522,reelsd-g54.mid
520,reelsd-g55.mid
512,reelsd-g56.mid
520,reelsd-g57.mid
268,reelsd-g58.mid
780,reelsd-g59.mid
524,reelsd-g6.mid
524,reelsd-g60.mid
524,reelsd-g62.mid
508,reelsd-g63.mid
256,reelsd-g64.mid
524,reelsd-g65.mid
524,reelsd-g66.mid
524,reelsd-g67.mid
512,reelsd-g68.mid
524,reelsd-g69.mid
524,reelsd-g70.mid
522,reelsd-g71.mid
524,reelsd-g72.mid
522,reelsd-g74.mid
512,reelsd-g75.mid
780,reelsd-g76.mid
780,reelsd-g77.mid
524,reelsd-g78.mid
520,reelsd-g79.mid
508,reelsd-g8.mid
526,reelsd-g80.mid
524,reelsd-g82.mid
768,reelsd-g83.mid
780,reelsd-g84.mid
524,reelsh-l1.mid
524,reelsh-l10.mid
272,reelsh-l11.mid
512,reelsh-l12.mid
524,reelsh-l13.mid
252,reelsh-l14.mid
1548,reelsh-l15.mid
524,reelsh-l16.mid
524,reelsh-l17.mid
524,reelsh-l18.mid
524,reelsh-l21.mid
524,reelsh-l23.mid
524,reelsh-l24.mid
519,reelsh-l25.mid
522,reelsh-l26.mid
776,reelsh-l28.mid
512,reelsh-l29.mid
516,reelsh-l3.mid
524,reelsh-l30.mid
384,reelsh-l31.mid
522,reelsh-l32.mid
524,reelsh-l34.mid
1036,reelsh-l35.mid
524,reelsh-l36.mid
512,reelsh-l37.mid
256,reelsh-l38.mid
520,reelsh-l4.mid
784,reelsh-l40.mid
512,reelsh-l41.mid
518,reelsh-l43.mid
524,reelsh-l44.mid
1552,reelsh-l45.mid
262,reelsh-l46.mid
524,reelsh-l47.mid
1544,reelsh-l5.mid
268,reelsh-l52.mid
528,reelsh-l53.mid
460,reelsh-l54.mid
524,reelsh-l56.mid
544,reelsh-l57.mid
522,reelsh-l59.mid
512,reelsh-l6.mid
512,reelsh-l61.mid
524,reelsh-l62.mid
524,reelsh-l64.mid
1036,reelsh-l66.mid
524,reelsh-l67.mid
1152,reelsh-l68.mid
524,reelsh-l69.mid
520,reelsh-l7.mid
784,reelsh-l70.mid
524,reelsh-l71.mid
780,reelsh-l72.mid
516,reelsh-l74.mid
768,reelsh-l76.mid
524,reelsh-l78.mid
1676,reelsh-l79.mid
508,reelsh-l8.mid
1056,reelsh-l80.mid
260,reelsh-l81.mid
523,reelsh-l82.mid
524,reelsh-l83.mid
512,reelsh-l84.mid
456,reelsh-l85.mid
524,reelsh-l87.mid
604,reelsh-l88.mid
1546,reelsh-l89.mid
524,reelsh-l9.mid
256,reelsh-l91.mid
520,reelsh-l93.mid
516,reelsm-q1.mid
524,reelsm-q10.mid
524,reelsm-q11.mid
524,reelsm-q12.mid
256,reelsm-q13.mid
524,reelsm-q14.mid
520,reelsm-q15.mid
1024,reelsm-q17.mid
524,reelsm-q19.mid
262,reelsm-q2.mid
524,reelsm-q21.mid
528,reelsm-q22.mid
524,reelsm-q23.mid
552,reelsm-q25.mid
784,reelsm-q26.mid
522,reelsm-q27.mid
506,reelsm-q28.mid
496,reelsm-q29.mid
512,reelsm-q3.mid
528,reelsm-q30.mid
524,reelsm-q31.mid
524,reelsm-q32.mid
524,reelsm-q33.mid
652,reelsm-q34.mid
268,reelsm-q35.mid
524,reelsm-q36.mid
266,reelsm-q37.mid
776,reelsm-q38.mid
780,reelsm-q39.mid
510,reelsm-q4.mid
528,reelsm-q41.mid
520,reelsm-q43.mid
524,reelsm-q44.mid
252,reelsm-q45.mid
780,reelsm-q46.mid
268,reelsm-q47.mid
268,reelsm-q48.mid
524,reelsm-q49.mid
524,reelsm-q5.mid
516,reelsm-q50.mid
524,reelsm-q52.mid
268,reelsm-q53.mid
384,reelsm-q55.mid
1922,reelsm-q56.mid
768,reelsm-q57.mid
520,reelsm-q59.mid
512,reelsm-q61.mid
524,reelsm-q62.mid
524,reelsm-q63.mid
512,reelsm-q64.mid
524,reelsm-q65.mid
524,reelsm-q66.mid
524,reelsm-q69.mid
524,reelsm-q7.mid
524,reelsm-q70.mid
256,reelsm-q71.mid
780,reelsm-q72.mid
513,reelsm-q73.mid
264,reelsm-q74.mid
784,reelsm-q75.mid
524,reelsm-q76.mid
524,reelsm-q77.mid
524,reelsm-q79.mid
508,reelsm-q8.mid
520,reelsm-q80.mid
524,reelsm-q9.mid
524,reelsr-t1.mid
552,reelsr-t10.mid
512,reelsr-t11.mid
524,reelsr-t13.mid
524,reelsr-t14.mid
524,reelsr-t15.mid
1164,reelsr-t17.mid
524,reelsr-t18.mid
520,reelsr-t19.mid
392,reelsr-t2.mid
520,reelsr-t20.mid
524,reelsr-t21.mid
520,reelsr-t25.mid
520,reelsr-t26.mid
528,reelsr-t27.mid
524,reelsr-t28.mid
260,reelsr-t29.mid
510,reelsr-t3.mid
524,reelsr-t30.mid
524,reelsr-t31.mid
512,reelsr-t33.mid
528,reelsr-t34.mid
524,reelsr-t37.mid
524,reelsr-t38.mid
1036,reelsr-t39.mid
516,reelsr-t40.mid
524,reelsr-t41.mid
524,reelsr-t42.mid
524,reelsr-t44.mid
520,reelsr-t45.mid
780,reelsr-t47.mid
524,reelsr-t49.mid
524,reelsr-t5.mid
392,reelsr-t50.mid
520,reelsr-t51.mid
508,reelsr-t52.mid
524,reelsr-t54.mid
520,reelsr-t55.mid
524,reelsr-t56.mid
524,reelsr-t57.mid
384,reelsr-t59.mid
520,reelsr-t6.mid
524,reelsr-t61.mid
522,reelsr-t62.mid
264,reelsr-t63.mid
520,reelsr-t64.mid
524,reelsr-t66.mid
522,reelsr-t69.mid
524,reelsr-t7.mid
522,reelsr-t70.mid
524,reelsr-t72.mid
524,reelsr-t73.mid
522,reelsr-t74.mid
522,reelsr-t75.mid
392,reelsr-t76.mid
256,reelsr-t77.mid
508,reelsr-t78.mid
262,reelsr-t79.mid
3596,reelsr-t8.mid
524,reelsr-t80.mid
524,reelsr-t81.mid
908,reelsr-t83.mid
524,reelsr-t84.mid
524,reelsr-t85.mid
256,reelsr-t86.mid
512,reelsr-t87.mid
512,reelsr-t89.mid
524,reelsu-z1.mid
784,reelsu-z10.mid
780,reelsu-z11.mid
768,reelsu-z12.mid
780,reelsu-z13.mid
532,reelsu-z15.mid
512,reelsu-z16.mid
522,reelsu-z17.mid
524,reelsu-z18.mid
522,reelsu-z19.mid
524,reelsu-z20.mid
524,reelsu-z21.mid
517,reelsu-z22.mid
524,reelsu-z23.mid
1264,reelsu-z24.mid
524,reelsu-z25.mid
524,reelsu-z27.mid
2048,reelsu-z28.mid
616,reelsu-z29.mid
584,reelsu-z3.mid
768,reelsu-z30.mid
776,reelsu-z31.mid
520,reelsu-z32.mid
780,reelsu-z33.mid
528,reelsu-z4.mid
390,reelsu-z5.mid
540,reelsu-z6.mid
508,reelsu-z7.mid
908,reelsu-z8.mid
306,slip1.mid
144,slip11.mid
232,slip2.mid
288,slip4.mid
576,slip6.mid
306,slip8.mid
306,slip9.mid
772,waltzes1.mid
392,waltzes10.mid
776,waltzes11.mid
392,waltzes12.mid
776,waltzes13.mid
584,waltzes15.mid
384,waltzes17.mid
776,waltzes18.mid
1540,waltzes19.mid
392,waltzes2.mid
776,waltzes20.mid
392,waltzes21.mid
392,waltzes22.mid
192,waltzes23.mid
392,waltzes24.mid
392,waltzes25.mid
392,waltzes26.mid
392,waltzes27.mid
584,waltzes29.mid
392,waltzes3.mid
776,waltzes30.mid
392,waltzes31.mid
392,waltzes32.mid
392,waltzes34.mid
768,waltzes35.mid
396,waltzes36.mid
392,waltzes37.mid
772,waltzes38.mid
200,waltzes4.mid
776,waltzes40.mid
392,waltzes41.mid
772,waltzes42.mid
774,waltzes43.mid
392,waltzes45.mid
392,waltzes46.mid
392,waltzes47.mid
392,waltzes48.mid
392,waltzes49.mid
384,waltzes5.mid
392,waltzes50.mid
584,waltzes51.mid
391,waltzes52.mid
392,waltzes8.mid
584,waltzes9.mid
426,xmas10.mid
344,xmas12.mid
192,xmas13.mid
384,xmas2.mid
272,xmas3.mid
333,xmas4.mid
418,xmas5.mid
196,xmas6.mid
88,xmas7.mid
448,xmas8.mid
358,xmas9.mid
